Modelo,Tiempo
actorPPO_v2,3.5590291007359824
actorPPOmiddR,2.7481159114837648
actorPPOmiddR_Comprimido,2.7570805486043293
